<?xml version="1.0" encoding="utf-8"?>
<data>
	<Object type="Tile">
		<x>8.8</x>
		<y>-32.8</y>
		<bodytype>Static</bodytype>
		<orientation>0 2 3 5</orientation>
	</Object>
	<Object type="Tile">
		<x>8.8</x>
		<y>-34.4</y>
		<bodytype>Static</bodytype>
		<orientation>3 5 3 5</orientation>
	</Object>
	<Object type="Tile">
		<x>8.8</x>
		<y>-36</y>
		<bodytype>Static</bodytype>
		<orientation>3 11 6 7</orientation>
	</Object>
	<Object type="Tile">
		<x>10.4</x>
		<y>-36</y>
		<bodytype>Static</bodytype>
		<orientation>1 1 7 7</orientation>
	</Object>
	<Object type="Tile">
		<x>12</x>
		<y>-36</y>
		<bodytype>Static</bodytype>
		<orientation>1 1 7 7</orientation>
	</Object>
	<Object type="Tile">
		<x>13.6</x>
		<y>-36</y>
		<bodytype>Static</bodytype>
		<orientation>1 1 7 7</orientation>
	</Object>
	<Object type="Tile">
		<x>15.2</x>
		<y>-36</y>
		<bodytype>Static</bodytype>
		<orientation>1 1 7 7</orientation>
	</Object>
	<Object type="Tile">
		<x>16.8</x>
		<y>-36</y>
		<bodytype>Static</bodytype>
		<orientation>1 1 7 7</orientation>
	</Object>
	<Object type="Tile">
		<x>18.4</x>
		<y>-36</y>
		<bodytype>Static</bodytype>
		<orientation>1 1 7 7</orientation>
	</Object>
	<Object type="Tile">
		<x>20</x>
		<y>-36</y>
		<bodytype>Static</bodytype>
		<orientation>1 1 7 7</orientation>
	</Object>
	<Object type="Tile">
		<x>21.6</x>
		<y>-36</y>
		<bodytype>Static</bodytype>
		<orientation>1 1 7 7</orientation>
	</Object>
	<Object type="Tile">
		<x>23.2</x>
		<y>-36</y>
		<bodytype>Static</bodytype>
		<orientation>1 1 7 7</orientation>
	</Object>
	<Object type="Tile">
		<x>24.8</x>
		<y>-36</y>
		<bodytype>Static</bodytype>
		<orientation>1 1 7 7</orientation>
	</Object>
	<Object type="Tile">
		<x>26.4</x>
		<y>-36</y>
		<bodytype>Static</bodytype>
		<orientation>1 1 7 7</orientation>
	</Object>
	<Object type="Tile">
		<x>28</x>
		<y>-36</y>
		<bodytype>Static</bodytype>
		<orientation>1 1 7 7</orientation>
	</Object>
	<Object type="Tile">
		<x>29.6</x>
		<y>-36</y>
		<bodytype>Static</bodytype>
		<orientation>1 1 7 7</orientation>
	</Object>
	<Object type="Tile">
		<x>31.2</x>
		<y>-36</y>
		<bodytype>Static</bodytype>
		<orientation>1 1 7 7</orientation>
	</Object>
	<Object type="Tile">
		<x>32.8</x>
		<y>-36</y>
		<bodytype>Static</bodytype>
		<orientation>1 1 7 7</orientation>
	</Object>
	<Object type="Tile">
		<x>34.4</x>
		<y>-36</y>
		<bodytype>Static</bodytype>
		<orientation>1 1 7 7</orientation>
	</Object>
	<Object type="Tile">
		<x>36</x>
		<y>-36</y>
		<bodytype>Static</bodytype>
		<orientation>1 1 7 7</orientation>
	</Object>
	<Object type="Tile">
		<x>37.6</x>
		<y>-36</y>
		<bodytype>Static</bodytype>
		<orientation>12 5 7 8</orientation>
	</Object>
	<Object type="Tile">
		<x>37.6</x>
		<y>-34.4</y>
		<bodytype>Static</bodytype>
		<orientation>3 5 3 5</orientation>
	</Object>
	<Object type="Tile">
		<x>37.6</x>
		<y>-32.8</y>
		<bodytype>Static</bodytype>
		<orientation>0 2 3 5</orientation>
	</Object>
	<Object type="Character">
		<x>12</x>
		<y>-32.8</y>
		<bodytype>Character</bodytype>
		<orientation>0 0 0 0</orientation>
	</Object>
	<Object type="Finish">
		<x>34.4</x>
		<y>-32.8</y>
		<bodytype>Finish</bodytype>
		<orientation>0 0 0 0</orientation>
	</Object>
	<Object type="Tile">
		<x>44</x>
		<y>-32.8</y>
		<bodytype>Dynamic</bodytype>
		<orientation>3 4 6 7</orientation>
	</Object>
	<Object type="Tile">
		<x>44</x>
		<y>-31.2</y>
		<bodytype>Dynamic</bodytype>
		<orientation>3 4 3 4</orientation>
	</Object>
	<Object type="Tile">
		<x>44</x>
		<y>-29.6</y>
		<bodytype>Dynamic</bodytype>
		<orientation>0 1 3 4</orientation>
	</Object>
	<Object type="Tile">
		<x>45.6</x>
		<y>-29.6</y>
		<bodytype>Dynamic</bodytype>
		<orientation>1 1 4 4</orientation>
	</Object>
	<Object type="Tile">
		<x>45.6</x>
		<y>-31.2</y>
		<bodytype>Dynamic</bodytype>
		<orientation>4 4 4 4</orientation>
	</Object>
	<Object type="Tile">
		<x>47.2</x>
		<y>-31.2</y>
		<bodytype>Dynamic</bodytype>
		<orientation>4 5 4 5</orientation>
	</Object>
	<Object type="Tile">
		<x>47.2</x>
		<y>-32.8</y>
		<bodytype>Dynamic</bodytype>
		<orientation>4 5 7 8</orientation>
	</Object>
	<Object type="Tile">
		<x>45.6</x>
		<y>-32.8</y>
		<bodytype>Dynamic</bodytype>
		<orientation>4 4 7 7</orientation>
	</Object>
	<Object type="Tile">
		<x>47.2</x>
		<y>-29.6</y>
		<bodytype>Dynamic</bodytype>
		<orientation>1 2 4 5</orientation>
	</Object>
	<Object type="Tile">
		<x>4</x>
		<y>-32.8</y>
		<bodytype>Dynamic</bodytype>
		<orientation>4 4 7 7</orientation>
	</Object>
	<Object type="Tile">
		<x>4</x>
		<y>-31.2</y>
		<bodytype>Dynamic</bodytype>
		<orientation>4 4 4 4</orientation>
	</Object>
	<Object type="Tile">
		<x>4</x>
		<y>-29.6</y>
		<bodytype>Dynamic</bodytype>
		<orientation>1 1 4 4</orientation>
	</Object>
	<Object type="Tile">
		<x>2.4</x>
		<y>-29.6</y>
		<bodytype>Dynamic</bodytype>
		<orientation>0 1 3 4</orientation>
	</Object>
	<Object type="Tile">
		<x>2.4</x>
		<y>-31.2</y>
		<bodytype>Dynamic</bodytype>
		<orientation>3 4 3 4</orientation>
	</Object>
	<Object type="Tile">
		<x>2.4</x>
		<y>-32.8</y>
		<bodytype>Dynamic</bodytype>
		<orientation>3 4 6 7</orientation>
	</Object>
	<Object type="Tile">
		<x>5.6</x>
		<y>-31.2</y>
		<bodytype>Dynamic</bodytype>
		<orientation>4 5 4 5</orientation>
	</Object>
	<Object type="Tile">
		<x>5.6</x>
		<y>-29.6</y>
		<bodytype>Dynamic</bodytype>
		<orientation>1 2 4 5</orientation>
	</Object>
	<Object type="Tile">
		<x>5.6</x>
		<y>-32.8</y>
		<bodytype>Dynamic</bodytype>
		<orientation>4 5 7 8</orientation>
	</Object>
	<Object type="Tile">
		<x>26.4</x>
		<y>-34.4</y>
		<bodytype>Dynamic</bodytype>
		<orientation>3 5 6 8</orientation>
	</Object>
	<Object type="Tile">
		<x>26.4</x>
		<y>-32.8</y>
		<bodytype>Dynamic</bodytype>
		<orientation>0 2 3 5</orientation>
	</Object>
</data>

